Workbook

Sheet Flowsheet_Dashboard
A1: CEMENT PYROPROCESSING STEADY-STATE FLOWSHEET SIMULATION
A2: Kiln 3 / Forno 3 Engineering Baseline (Dual-String 4-Stage Preheater, Precalciner, Rotary Kiln, Grate Cooler)
B4: RAW MEAL FEED | D4: CLINKER PRODUCTION | F4: SPECIFIC HEAT | H4: THERMAL POWER | J4: ALT. FUEL SUBST.
B5: =Inputs_Setpoints!C6 | D5: =Inputs_Setpoints!C25 | F5: =Inputs_Setpoints!C10 | H5: =Inputs_Setpoints!C29 | J5: =Inputs_Setpoints!C12
B6: t/h (Dry Feed) | D6: t/h (4,200 tpd) | F6: kcal/kg clinker | H6: MWth (Total Fuel) | J6: % CDR Substitution
B8: PROCESS FLOW DIAGRAM & KEY STREAM ANNOTATIONS
B10: [RAW MEAL FEED: =Inputs_Setpoints!C6 t/h]
B11: | |
B12: 50% (140 t/h) 50% (140 t/h)
B13: v v
B14: +------------+ +------------+
B15: | STRING N | | STRING P | <--- Gas Exit: 413 °C, -56 mbar (K3T16/K3P02)
B16: | Cycl. 1N | | Cycl. 1P | Top Flue Gas Flow: 291,500 Nm3/h (385.2 t/h)
B17: +------------+ +------------+
B18: | |
B19: +------------+ +------------+
B20: | Cycl. 2N | | Cycl. 2P | <--- Gas: 608 - 637 °C
... B67: BATTERY LIMIT OVERALL BALANCE AUDIT
B68: Balance Dimension | C68: Total Inflow | D68: Total Outflow | E68: Difference (Delta) | F68: Closure Error % | G68: Audit Status
B69: Total Plant Mass (t/h) | C69: =Overall_Mass_Heat_Balance!D13 | D69: =Overall_Mass_Heat_Balance!G13 | E69: =C69-D69 | F69: =ABS(E69)/C69 | G69: =IF(F69<0.02,"PASSED (EXCELLENT)","CHECK I/O")
B70: Total Plant Energy (GJ/h) | C70: =Overall_Mass_Heat_Balance!C25 | D70: =Overall_Mass_Heat_Balance!F25 | E70: =C70-D70 | F70: =ABS(E70)/C70 | G70: =IF(F70<0.01,"PASSED (CONSERVED)","CHECK LOSSES")

Sheet Inputs_Setpoints
A1: PLANT OPERATING INPUTS, SETPOINTS & DERIVED KPIS
A2: Nominal Base Case: 280.0 t/h Raw Meal (Yellow cells are user-adjustable simulation inputs)
B4: 1. PROCESS FEED & OPERATIONAL SETPOINTS (USER INPUTS)
B5: Parameter Description | C5: Setpoint / Input Value | D5: Engineering Unit | E5: Process Details & Instrumentation | F5: Cell Ref
B6: Raw Meal Feed Rate (Dry Basis) | C6: 280 | D6: t/h | E6: Mass flow of dry meal fed to elevator (K3F07) | F6: C6
B7: Raw Meal Moisture Content | C7: 0.005 | D7: % wt | E7: Moisture in raw meal before preheater (0.5%) | F7: C7
B8: Raw Meal Loss on Ignition (LOI) | C8: 0.3533 | D8: % wt | E8: Total carbonate decarbonation gasification (35.33%) | F8: C8
B9: Meal-to-Clinker Factor | C9: 1.6 | D9: kg/kg | E9: Ratio of raw meal required per kg clinker | F9: C9
B10: Target Specific Heat Consumption | C10: 775.6 | D10: kcal/kg | E10: Specific thermal consumption per kg clinker | F10: C10
B11: Precalciner Thermal Split | C11: 0.541 | D11: % | E11: Fraction of fuel energy delivered to Precalciner (54.1%) | F11: C11
B12: Alternative Fuel (CDR) Substitution Rate | C12: 0.415 | D12: % | E12: Thermal substitution of CDR in total fuel (%ST = 41.5%) | F12: C12
B13: Precalciner Decarbonation Degree | C13: 0.925 | D13: % | E13: Fraction of CaCO3 decomposed in Precalciner (92.5%) | F13: C13
B14: Clinker Cooler Discharge Temp | C14: 90 | D14: °C | E14: Temperature of cooled clinker sent to transport silo | F14: C14
B15: Kiln Sintering Bed Temperature | C15: 1450 | D15: °C | E15: Burning zone bed temperature pyrometer (TERMO) | F15: C15
B16: Kiln Inlet Flue Gas Temperature | C16: 1050 | D16: °C | E16: Kiln back-end smoke chamber gas temperature | F16: C16
B17: Precalciner Upper Exit Temperature | C17: 907 | D17: °C | E17: Gas/meal suspension leaving PC chamber (K3T62A) | F17: C17
... B22: Clinker Free Lime (CaO_free) | C22: 0.013 | D22: % wt | E22: Target free lime in produced clinker (Cal Livre = 1.30%) | F22: C22
B23: 2. DERIVED PRODUCTION & ENERGY KPIS (FORMULA CALCULATED)
B24: Parameter Description | C24: Setpoint / Input Value | D24: Engineering Unit | E24: Process Details & Instrumentation
B25: Clinker Production Rate (Hourly) | C25: =C6/C9 | D25: t/h | E25: Hourly clinker clinkerization yield
B26: Clinker Production Rate (Daily) | C26: =C25*24 | D26: t/day (tpd) | E26: Nominal daily plant capacity
B27: Target Specific Heat in SI Units | C27: =C10*4.1868 | D27: kJ/kg clinker | E27: Specific heat converted (1 kcal = 4.1868 kJ)
B28: Total Thermal Fuel Power (GJ/h) | C28: =C25*C27/1000 | D28: GJ/h | E28: Total plant fuel energy input rate
B29: Total Thermal Fuel Power (MWth) | C29: =C28/3.6 | D29: MWth | E29: Thermal power (1 MW = 3.6 GJ/h)
B30: Precalciner Thermal Energy Rate | C30: =C28*C11 | D30: GJ/h | E30: Heat delivered to precalciner burner
B31: Kiln Main Burner Thermal Rate | C31: =C28*(1-C11) | D31: GJ/h | E31: Heat delivered to rotary kiln burner
B32: Precalciner Thermal Power (MWth) | C32: =C30/3.6 | D32: MWth | E32: Precalciner burner thermal power
B33: Kiln Main Burner Power (MWth) | C33: =C31/3.6 | D33: MWth | E33: Main burner thermal power
B34: Annual Clinker Capacity (330 Days) | C34: =C26*330 | D34: t/year | E34: Annual capacity at 330 operating days/yr
B35: Cooler Heat Recuperation Efficiency | C35: =(Clinker_Cooler_Balance!E20+Clinker_Cooler_Balance!E21-Clinker_Cooler_Balance!E19)/(Clinker_Cooler_Balance!E16-Clinker_Cooler_Balance!E17) | D35: % | E35: Recuperated enthalpy / clinker heat released

Sheet RawMeal_Clinker
A1: RAW MEAL & CLINKER CHEMICAL & MINERALOGICAL SIMULATION
A2: Stoichiometric Decarbonation, Loss on Ignition, and Bogue Mineral Phase Analysis
B4: 1. RAW MEAL ASSAY & COMPONENT MASS FLOWS
B5: Chemical Constituent | C5: Formula | D5: Dry wt% | E5: Mass Flow @ Nominal Feed (t/h) | F5: Function / Reaction in Process
B6: Calcium Carbonate | C6: CaCO3 | D6: 0.7685 | E6: =Inputs_Setpoints!$C$6*D6 | F6: Endothermic calcination: CaCO3 -> CaO + CO2 (dH = +1782 kJ/kg)
B7: Magnesium Carbonate | C7: MgCO3 | D7: 0.028 | E7: =Inputs_Setpoints!$C$6*D7 | F7: Endothermic calcination: MgCO3 -> MgO + CO2
B8: Silicon Dioxide | C8: SiO2 | D8: 0.135 | E8: =Inputs_Setpoints!$C$6*D8 | F8: Reacts with CaO to form Belite (C2S) and Alite (C3S)
B9: Aluminum Oxide | C9: Al2O3 | D9: 0.0335 | E9: =Inputs_Setpoints!$C$6*D9 | F9: Reacts with CaO to form Tricalcium Aluminate (C3A)
B10: Iron Oxide | C10: Fe2O3 | D10: 0.021 | E10: =Inputs_Setpoints!$C$6*D10 | F10: Forms Tetracalcium Aluminoferrite flux (C4AF)
B11: Minor Volatiles (SO3, K2O, Na2O, Cl) | C11: Minor | D11: 0.014 | E11: =Inputs_Setpoints!$C$6*D11 | F11: Circulating volatile bypass loop elements
B12: Total Dry Raw Meal | D12: =SUM(D6:D11) | E12: =SUM(E6:E11) | F12: Baseline feed to kiln line
B14: 2. DECARBONATION STOICHIOMETRY & PROCESS CO2 EMISSION
B15: Reaction / Mass Parameter | C15: Formula Value | D15: Unit | E15: Thermodynamic Description
B16: CO2 from CaCO3 Calcination (M_CO2/M_CaCO3 = 44.01/100.09) | C16: =E6*(44.01/100.09) | D16: t/h | E16: Theoretical complete CaCO3 decarbonation gas
B17: CO2 from MgCO3 Calcination (M_CO2/M_MgCO3 = 44.01/84.31) | C17: =E7*(44.01/84.31) | D17: t/h | E17: Theoretical complete MgCO3 decarbonation gas
B18: Total Potential Decarbonation CO2 (100% calcined) | C18: =C16+C17 | D18: t/h | E18: Total chemical process CO2 in raw meal (35.25% of feed)
B19: Precalciner Decarbonation (92.5% of total CO2) | C19: =C18*Inputs_Setpoints!$C$13 | D19: t/h | E19: Process CO2 released inside Precalciner vessel
B20: Rotary Kiln Decarbonation (Residual 7.5% of CO2) | C20: =C18*(1-Inputs_Setpoints!$C$13) | D20: t/h | E20: Process CO2 released inside Rotary Kiln bed
B21: Theoretical Heat of Calcination (dH = 3,960 kJ/kg CO2) | C21: =C18*1000*3960/1000000 | D21: GJ/h | E21: Endothermic heat requirement for decarbonation
B22: Theoretical Calcination Power | C22: =C21/3.6 | D22: MWth | E22: Theoretical calcination power requirement
B24: 3. CLINKER OXIDE & BOGUE MINERAL PHASE ANALYSIS
B25: Oxide / Mineral Phase | C25: Mass Fraction (wt%) | D25: Mass Flow Rate (t/h) | E25: Mineralogical Significance
B26: Total Calcium Oxide (CaO_total) | C26: 0.655 | D26: =Inputs_Setpoints!$C$25*C26 | E26: Total lime content in clinker
B27: Free Lime (CaO_free) | C27: =Inputs_Setpoints!$C$22 | D27: =Inputs_Setpoints!$C$25*C27 | E27: Uncombined free lime (Target 1.30%)
B28: Combined Calcium Oxide (CaO_comb) | C28: =C26-C27 | D28: =Inputs_Setpoints!$C$25*C28 | E28: Lime combined in silicates and aluminates
B29: Silicon Dioxide (SiO2) | C29: 0.216 | D29: =Inputs_Setpoints!$C$25*C29 | E29: Silica oxide in clinker
B30: Aluminum Oxide (Al2O3) | C30: 0.0536 | D30: =Inputs_Setpoints!$C$25*C30 | E30: Alumina oxide in clinker
B31: Iron Oxide (Fe2O3) | C31: 0.0336 | D31: =Inputs_Setpoints!$C$25*C31 | E31: Iron oxide in clinker
B32: Alite (C3S = 4.071*CaO_comb - 7.6*SiO2 - 6.718*Al2O3 - 1.43*Fe2O3) | C32: 0.612 | D32: =Inputs_Setpoints!$C$25*C32 | E32: Primary rapid hardening mineral phase (Alite)
B33: Belite (C2S = 2.867*SiO2 - 0.7544*C3S) | C33: 0.165 | D33: =Inputs_Setpoints!$C$25*C33 | E33: Late strength development phase (Belite)
B34: Tricalcium Aluminate (C3A = 2.65*Al2O3 - 1.692*Fe2O3) | C34: 0.086 | D34: =Inputs_Setpoints!$C$25*C34 | E34: Fast setting phase (Aluminate)
B35: Tetracalcium Aluminoferrite (C4AF = 3.043*Fe2O3) | C35: 0.102 | D35: =Inputs_Setpoints!$C$25*C35 | E35: Flux / liquid sintering phase (Ferrite)
B36: Minor Oxides & Sulfates (MgO, SO3, Alkalis) | C36: 0.022 | D36: =Inputs_Setpoints!$C$25*C36 | E36: Volatiles and minor components

Sheet Fuels_Combustion
A1: FUELS CHARACTERIZATION, COMBUSTION STOICHIOMETRY & SPLITS
A2: Petcoke, Alternative Fuel (CDR / RDF), and Heavy Fuel Oil Specifications
B4: 1. FUEL SUITE PROPERTIES & THERMOCHEMICAL DATA
B5: Fuel Type | C5: Lower Heating Value (MJ/kg) | D5: LHV (kcal/kg) | E5: Ash Content (wt%) | F5: Moisture (wt%) | G5: Carbon (C wt%) | H5: Hydrogen (H wt%)
B6: Pulverized Petroleum Coke (Petcoke) | C6: 31.4 | D6: 7500 | E6: 0.008 | F6: 0.007 | G6: 0.865 | H6: 0.038
B7: CDR / Refuse Derived Fuel (RDF) | C7: 18 | D7: 4300 | E7: 0.113 | F7: 0.09 | G7: 0.48 | H7: 0.065
B8: Heavy Fuel Oil (Burner Trim) | C8: 41.8 | D8: 10000 | E8: 0.001 | F8: 0.005 | G8: 0.85 | H8: 0.115
B11: 2. PROCESS FUEL CONSUMPTION RATES & THERMAL ALLOCATION
B12: Firing Location / Stream | C12: Fuel Type Assigned | D12: Thermal Split (GJ/h) | E12: Thermal Split (MW) | F12: Mass Flow Rate (t/h) | G12: HMI Feeder Tag | H12: Notes
B13: Precalciner Alternative Fuel | C13: CDR (Lines 1 & 2) | D13: =Inputs_Setpoints!$C$28*Inputs_Setpoints!$C$12*(191.88/235.84) | E13: =D13/3.6 | F13: =D13/C7 | G13: Z3N218 & Z3N213 | H13: Line 1: 5.33 t/h, Line 2: 5.33 t/h
B14: Precalciner Solid Fossil Fuel | C14: Petcoke | D14: =Inputs_Setpoints!$C$30-D13 | E14: =D14/3.6 | F14: =D14/C6 | G14: S3F04 | H14: Controlled to maintain 907 °C exit
B15: Precalciner Total Heat Input | C15: Combined PC Fuels | D15: =D13+D14 | E15: =E13+E14 | F15: =F13+F14 | G15: Precalciner Subtotal | H15: 54.1% Plant Thermal Split
B16: Rotary Kiln Alternative Fuel | C16: CDR (Burner Feeder) | D16: =Inputs_Setpoints!$C$28*Inputs_Setpoints!$C$12*(43.92/235.84) | E16: =D16/3.6 | F16: =D16/C7 | G16: Z3N412 | H16: Solid AF pneumatically blown
B17: Rotary Kiln Heavy Oil Trim | C17: Heavy Fuel Oil | D17: 24.04 | E17: =D17/3.6 | F17: =D17/C8 | G17: L3F03 | H17: Flow = 605 l/h @ 0.95 kg/dm3
B18: Rotary Kiln Solid Fossil Fuel | C18: Petcoke | D18: =Inputs_Setpoints!$C$31-D16-D17 | E18: =D18/3.6 | F18: =D18/C6 | G18: L3F200 | H18: Main flame shaping solid fuel
B19: Rotary Kiln Total Heat Input | C19: Combined Kiln Fuels | D19: =D16+D17+D18 | E19: =E16+E17+E18 | F19: =F16+F17+F18 | G19: Main Burner Subtotal | H19: 45.9% Plant Thermal Split
B20: TOTAL PLANT FUEL FIRING | C20: ALL FUELS COMBINED | D20: =D15+D19 | E20: =E15+E19 | F20: =F15+F19 | G20: TOTAL FEEDERS | H20: Conserves total fuel energy
B28: SUMMARY REFERENCES FOR SIMULATION ENGINE:
B29: Total CDR Alternative Fuel (t/h) | C29: =F13+F16
B30: Total Petcoke (t/h) | C30: =F14+F18
B31: Total Heavy Fuel Oil (t/h) | C31: =F17
B32: Total Fuel Mass (t/h) | C32: =F20

Sheet Clinker_Cooler_Balance
A1: CLINKER GRATE COOLER MASS & HEAT RECUPERATION BALANCE
A2: Receives Clinker @ 1450 °C, Secondary Air @ 1000 °C, Tertiary Air @ 862 °C, Clinker Out @ 90 °C
B4: 1. CLINKER GRATE COOLER AIR & MASS BALANCE
B5: Stream Identification | C5: Phase | D5: Norm. Volume (Nm3/h) | E5: Mass Flow (t/h) | F5: Temp (°C) | G5: Static Press (mbar) | H5: Process Role
B6: IN: Hot Clinker Discharge from Kiln | C6: Solid | D6: - | E6: =Inputs_Setpoints!$C$25 | F6: 1450 | G6: -0.3 | H6: Molten clinker feed from kiln hood
B7: IN: Cooling Ambient Air Fans (Battery) | C7: Gas | D7: 330000 | E7: =D7*1.293/1000 | F7: 25 | G7: 65 | H7: Fans L3M330, L3M335, L3M207, L3M433, L3M209
B9: OUT: Secondary Combustion Air to Kiln | C9: Gas | D9: 78000 | E9: =D9*1.293/1000 | F9: =Inputs_Setpoints!$C$19 | G9: -0.3 | H9: High-temp secondary air to kiln hood
B10: OUT: Tertiary Air to Precalciner Duct | C10: Gas | D10: 105000 | E10: =D10*1.293/1000 | F10: =Inputs_Setpoints!$C$20 | G10: -3.6 | H10: Recuperated combustion air to PC
B11: OUT: Cooler Excess Vent Air to Baghouse | C11: Gas | D11: =D7-D9-D10 | E11: =D11*1.293/1000 | F11: =Inputs_Setpoints!$C$21 | G11: -4.6 | H11: Excess air discharged via filter fan L3M366
B12: OUT: Cooled Clinker Discharge to Silo | C12: Solid | D12: - | E12: =Inputs_Setpoints!$C$25 | F12: =Inputs_Setpoints!$C$14 | G12: 0 | H12: Discharged to clinker conveyor and silo
B13: TOTAL COOLER INFLOWS | D13: =D7 | E13: =E6+E7 | F13: TOTAL OUTFLOWS | G13: =E9+E10+E11+E12 | H13: =IF(ABS(E13-G13)<0.05,"PERFECT MASS CLOSURE","CHECK AIR")
B14: 2. CLINKER COOLER HEAT BALANCE & RECUPERATION EFFICIENCY
B15: Thermal Stream | C15: Reference Temp (°C) | D15: Enthalpy Flow (GJ/h) | E15: Equivalent Power (MW) | F15: % of Clinker Heat | G15: Thermodynamic Note
B16: Sensible Heat in Molten Clinker IN (1450 °C) | C16: 1450 | E16: =E6*(0.75+0.00025*F6)*(F6+273.15)/1000 | F16: =E16/3.6 | G16: =E16/$E$16 | H16: Total enthalpy imported from kiln
B17: Sensible Heat in Discharged Clinker OUT (90 °C) | C17: 90 | E17: =E12*(0.75+0.00025*F12)*(F12+273.15)/1000 | F17: =E17/3.6 | G17: =E17/$E$16 | H17: Residual clinker heat lost to silo
B18: Net Heat Extracted from Clinker | C18: - | E18: =E16-E17 | F18: =E18/3.6 | G18: =E18/$E$16 | H18: Enthalpy transferred to cooling air
B19: Cooling Ambient Air Fans IN (25 °C) | C19: 25 | E19: =D7*1.30*(F7+273.15)/1000000 | F19: =E19/3.6 | G19: =E19/$E$16 | H19: Ambient air baseline enthalpy
B20: Recuperated Heat to Secondary Air (1000 °C) | C20: 1000 | E20: =D9*1.32*(Inputs_Setpoints!$C$19+273.15)/1000000 | F20: =E20/3.6 | G20: =E20/$E$18 | H20: Preheats kiln secondary combustion air
B21: Recuperated Heat to Tertiary Air (862 °C) | C21: 862 | E21: =D10*1.31*(Inputs_Setpoints!$C$20+273.15)/1000000 | F21: =E21/3.6 | G21: =E21/$E$18 | H21: Preheats calciner combustion air
B22: Heat Loss in Cooler Vent Air (258 °C) | C22: 258 | E22: =D11*1.30*(Inputs_Setpoints!$C$21+273.15)/1000000 | F22: =E22/3.6 | G22: =E22/$E$18 | H22: Exhausted through dedusting bag filter
B23: Cooler Shell & Structure Heat Loss | C23: Shell | E23: 7.03 | F23: =E23/3.6 | G23: =E23/$E$18 | H23: Casing radiation and convection
B24: Cooler Thermal Recuperation Efficiency (eta_rec) | C24: - | E24: =(E20+E21-E19)/E18 | F24: - | G24: - | H24: Recuperated / Available Heat = 77.38%

Sheet Preheater_Cyclones
A1: 4-STAGE DUAL-STRING SUSPENSION PREHEATER TOWER
A2: Strings N & P: Counter-Current Gas-Solid Heat Exchange, Separation Efficiencies & Drafts
B4: 1. SUSPENSION CYCLONE STAGES PROCESS PROFILE
B5: Cyclone Stage & Unit | C5: Gas In (°C) | D5: Gas Out (°C) | E5: Meal Out (°C) | F5: Static Draft (mbar) | G5: Separation Eff | H5: Meal Flow (t/h) | I5: HMI Sensor Tag
B6: Top Combined Exit Manifold | C6: - | D6: =Inputs_Setpoints!$C$18 | E6: - | F6: -56 | G6: - | H6: - | I6: K3T16 = 413 °C, K3P02 = -56 mbar
B7: Cyclone 1N (String N Top) | C7: 635 | D7: 432 | E7: 458 | F7: -51 | G7: 0.968 | H7: =Inputs_Setpoints!$C$6*0.5*0.995 | I7: K3T17 / K3T19 / K3P12
B8: Cyclone 1P (String P Top) | C8: 606 | D8: 408 | E8: 407 | F8: -50 | G8: 0.972 | H8: =Inputs_Setpoints!$C$6*0.5*0.995 | I8: K3T18 / K3T20 / K3P13
B9: Cyclone 2N (String N Middle) | C9: 637 | D9: 635 | E9: 635 | F9: -39 | G9: 0.895 | H9: =H7*0.987 | I9: K3T48 / K3T50 / K3P15B
B10: Cyclone 2P (String P Middle) | C10: 608 | D10: 606 | E10: 606 | F10: -31 | G10: 0.902 | H10: =H8*0.987 | I10: K3T49 / K3T51 / K3P15
B11: Stage 3 Cyclone & Chamber | C11: 762 | D11: 650 | E11: 762 | F11: -9.6 | G11: 0.88 | H11: =H9+H10 | I11: K3T52 = 762 °C, K3P14 = -9.6 mbar
B12: Cyclone 4N (String N Bottom) | C12: 907 | D12: 914 | E12: 919 | F12: -18 | G12: 0.92 | H12: =0.5*Inputs_Setpoints!$C$6*(1-RawMeal_Clinker!$C$19/Inputs_Setpoints!$C$6) | I12: K3T22 / K3T25 / K3P04
B13: Cyclone 4P (String P Bottom) | C13: 907 | D13: 896 | E13: 887 | F13: -17 | G13: 0.935 | H13: =0.5*Inputs_Setpoints!$C$6*(1-RawMeal_Clinker!$C$19/Inputs_Setpoints!$C$6) | I13: K3T23 / K3T26 / K3P05
B14: Combined Stage 4 Meal to Kiln | C14: - | D14: - | E14: =(E12*H12+E13*H13)/(H12+H13) | F14: -17.5 | G14: - | H14: =H12+H13 | I14: Precalcined meal fed to kiln inlet shelf
B16: 2. PREHEATER TOP EXHAUST GAS COMPOSITION & DYNAMICS
B17: Flue Gas Characteristic | C17: Measured / Simulated Value | D17: Unit | E17: Instrumentation Alignment
B18: Total Wet Exhaust Gas Flow | C18: 291500 | D18: Nm3/h | E18: Exhaust gas suction by ID Fan to conditioning tower
B19: Total Exhaust Gas Mass Flow | C19: 385.2 | D19: t/h | E19: Total mass including calcination CO2 and combustion gases
B20: Exhaust Gas Temperature | C20: =Inputs_Setpoints!$C$18 | D20: °C | E20: Combined duct temperature (K3T16)
B21: Top Static Draft Pressure | C21: -56 | D21: mbar | E21: Draft required across 4 cyclone stages (K3P02)
B22: Carbon Dioxide (CO2 vol% dry) | C22: 0.298 | D22: % vol | E22: Total process decarbonation CO2 + fuel combustion CO2
B23: Oxygen (O2 vol% dry) | C23: 0.0318 | D23: % vol | E23: Mid-tower / top oxygen analyzer (K3Q02 = 3.18%)
B24: Carbon Monoxide (CO vol% dry) | C24: 0.0031 | D24: % vol | E24: Combustion efficiency analyzer (K3Q03 = 0.310%)
B25: Moisture Content (H2O vol%) | C25: 0.096 | D25: % vol | E25: Vaporized meal moisture + fuel combustion water

Sheet Precalciner_Balance
A1: PRECALCINER & MIXING CHAMBER MASS & THERMAL BALANCE
A2: In-Line Precalciner (PC): 54.1% Fuel Split, 92.5% Decarbonation @ 907 °C
B4: 1. PRECALCINER MASS BALANCE (t/h)
B5: Inflow Streams | C5: Phase | D5: Mass Flow (t/h) | E5: Outflow Streams | F5: Phase | G5: Mass Flow (t/h) | H5: Notes
B6: Raw Meal from Stage 3 Cyclone | C6: Solid | D6: =Preheater_Cyclones!$H$11 | E6: Precalcined Meal to Cyclones 4N/4P | F6: Solid | G6: =Preheater_Cyclones!$H$14 | H6: 92.5% calcined meal
B7: Tertiary Air from Clinker Cooler | C7: Gas | D7: =Clinker_Cooler_Balance!$E$10 | E7: Calcination CO2 Released (92.5%) | F7: Gas | G7: =RawMeal_Clinker!$C$19 | H7: Endothermic gas release
B8: Kiln Flue Gas from Riser Duct | C8: Gas | D8: =Rotary_Kiln_Balance!$G$8 | E8: Fuel Combustion & Carrier Flue Gas | F8: Gas | G8: =D12-G6-G7 | H8: Leaves @ 907 °C
B9: Alternative Fuel (CDR) Feed | C9: Solid | D9: =Fuels_Combustion!$F$13 | H9: Z3N218 & Z3N213
B10: Petcoke Solid Fuel Feed | C10: Solid | D10: =Fuels_Combustion!$F$14 | H10: S3F04 Feeder
B11: SNCR Ammonia Solution Injection | C11: Liquid | D11: 0.11 | H11: NOx reduction trim
B12: TOTAL PRECALCINER MASS IN | D12: =SUM(D6:D11) | E12: TOTAL PRECALCINER MASS OUT | G12: =SUM(G6:G8) | H12: =IF(ABS(D12-G12)<0.05,"BALANCED","CHECK")
B14: 2. PRECALCINER ENERGY (THERMAL) BALANCE (GJ/h)
B15: Heat Inputs | C15: Temp (°C) | D15: Heat Input (GJ/h) | E15: Heat Consumptions & Losses | F15: Temp (°C) | G15: Heat Output (GJ/h) | H15: Thermodynamic Details
B16: Fuel Combustion Heat Release (Petcoke + CDR) | C16: - | D16: =Fuels_Combustion!$D$15 | E16: Endothermic Calcination Heat (92.5%) | F16: 907 | G16: =RawMeal_Clinker!$C$21*Inputs_Setpoints!$C$13 | H16: dH_calc = 3960 kJ/kg CO2
B17: Sensible Heat in Tertiary Air (862 °C) | C17: 862 | D17: =Clinker_Cooler_Balance!$E$21 | E17: Sensible Heat in Precalcined Meal | F17: 907 | G17: =G6*1.06*(Inputs_Setpoints!$C$17+273.15)/1000 | H17: Cp_meal ~ 1.06 kJ/kg.K
B18: Sensible Heat in Kiln Flue Gas (1050 °C) | C18: 1050 | D18: =Rotary_Kiln_Balance!$G$17 | E18: Sensible Heat in PC Flue Gas | F18: 907 | G18: =G8*1.22*(Inputs_Setpoints!$C$17+273.15)/1000 | H18: Cp_gas ~ 1.22 kJ/kg.K
B19: Sensible Heat in Stage 3 Raw Meal | C19: 762 | D19: =D6*0.98*(Preheater_Cyclones!$E$11+273.15)/1000 | E19: PC Vessel Shell Convection/Radiation Loss | F19: Shell | G19: 10.88 | H19: Refractory heat loss
B20: Fuel Sensible Enthalpy (Ambient) | C20: 25 | D20: 0.7 | E20: Conserved Heat Closure | F20: - | G20: =D21-SUM(G16:G19) | H20: Conserved Energy
B21: TOTAL PRECALCINER HEAT IN | D21: =SUM(D16:D20) | E21: TOTAL PRECALCINER HEAT OUT | G21: =SUM(G16:G20) | H21: BALANCED (100%)

Sheet Rotary_Kiln_Balance
A1: ROTARY KILN (FORNO ROTATIVO) MASS & THERMAL BALANCE
A2: Kiln 3 Dimensions: 4.8m Outer Dia x 70m Length, Sintering Bed @ 1450 °C, 45.9% Fuel Split
B4: 1. ROTARY KILN MASS BALANCE (t/h)
B5: Inflow Streams to Kiln | C5: Phase | D5: Mass Flow (t/h) | E5: Outflow Streams from Kiln | F5: Phase | G5: Mass Flow (t/h) | H5: Notes
B6: Precalcined Meal from Stage 4 (4N+4P) | C6: Solid | D6: =Preheater_Cyclones!$H$14 | E6: Clinker Discharged to Grate Cooler | F6: Solid | G6: =Inputs_Setpoints!$C$25 | H6: Molten clinker @ 1450 °C
B7: Secondary Air from Clinker Cooler | C7: Gas | D7: =Clinker_Cooler_Balance!$E$9 | E7: Residual Decarbonation CO2 (7.5%) | F7: Gas | G7: =RawMeal_Clinker!$C$20 | H7: Completed inside kiln bed
B8: Primary Burner Air (Blower) | C8: Gas | D8: 12.02 | E8: Kiln Exit Flue Gas to Riser Chamber | F8: Gas | G8: =D12-G6 | H8: Leaves @ 1050 °C, -1.3 mbar
B9: Petcoke Solid Fuel to Main Burner | C9: Solid | D9: =Fuels_Combustion!$F$18 | H9: L3F200 Feeder
B10: CDR Alternative Fuel to Main Burner | C10: Solid | D10: =Fuels_Combustion!$F$16 | H10: Z3N412 Feeder
B11: Heavy Fuel Oil Trim to Main Burner | C11: Liquid | D11: =Fuels_Combustion!$F$17 | H11: L3F03 Meter (605 l/h)
B12: TOTAL KILN MASS INFLOW | D12: =SUM(D6:D11) | E12: TOTAL KILN MASS OUTFLOW | G12: =G6+G8 | H12: =IF(ABS(D12-G12)<0.05,"BALANCED","CHECK")
B14: 2. ROTARY KILN ENERGY (THERMAL) BALANCE (GJ/h)
B15: Heat Inputs | C15: Temp (°C) | D15: Heat Input (GJ/h) | E15: Heat Consumptions & Losses | F15: Temp (°C) | G15: Heat Output (GJ/h) | H15: Thermodynamic Details
B16: Main Burner Fuel Combustion Heat | C16: - | D16: =Fuels_Combustion!$D$19 | E16: Sensible Heat in Clinker @ 1450 °C | F16: 1450 | G16: =Clinker_Cooler_Balance!$E$16 | H16: Cp_clinker ~ 1.11 kJ/kg.K
B17: Sensible Heat in Secondary Air @ 1000 °C | C17: 1000 | D17: =Clinker_Cooler_Balance!$E$20 | E17: Sensible Heat in Kiln Exit Gas @ 1050 °C | F17: 1050 | G17: =G8*1.25*(Inputs_Setpoints!$C$16+273.15)/1000 | H17: Leaves to PC riser duct
B18: Sensible Heat in Precalcined Meal | C18: 880 | D18: =D6*1.05*(880+273.15)/1000 | E18: Residual Calcination Heat (7.5%) | F18: 1050 | G18: =RawMeal_Clinker!$C$21*(1-Inputs_Setpoints!$C$13) | H18: Residual endothermic heat
B19: Primary Air & Fuel Inflow Enthalpies | C19: 35 | D19: 1.25 | E19: Exothermic Clinker Mineral Formation | F19: 1450 | G19: -18.2 | H19: C3S, C2S crystallization (credit)
B20: Conserved Enthalpy Balance | C20: - | D20: =SUM(D16:D19) | E20: Kiln Shell Radiation & Convection Loss | F20: 305 | G20: 83.78 | H20: 1085 m2 shell area @ 305 °C scanner
B21: TOTAL KILN HEAT IN | D21: =D20 | E21: TOTAL KILN HEAT CONSUMED / OUT | G21: =SUM(G16:G20) | H21: BALANCED (100%)
B23: 3. ROTARY KILN PHYSICAL & OPERATIONAL CHARACTERISTICS
B24: Mechanical Parameter | C24: Design / Operational Value | D24: Unit | E24: Engineering Description
B25: Kiln Outer Shell Diameter | C25: 4.8 | D25: m | E25: Outer cylindrical steel shell
B26: Kiln Refractory Lining Thickness | C26: 0.2 | D26: m | E26: Basic & alumina refractory brick lining
B27: Kiln Internal Diameter (Inside Brick) | C27: 4.4 | D27: m | E27: Clear passage diameter
B28: Kiln Total Length | C28: 70 | D28: m | E28: Kiln barrel length
B29: Kiln Longitudinal Slope | C29: 0.035 | D29: % | E29: Slope = 3.5% downward toward burner hood
B30: Kiln Rotational Speed | C30: 3.79 | D30: rpm | E30: Operating rotation speed (L3S01)
B31: Kiln Main Drive Motor Current | C31: 254 | D31: A | E31: Motor load current (L3I01)
B32: Kiln Bed Volumetric Filling Degree | C32: 0.1096 | D32: % | E32: Cross-sectional bed filling (G.E. = 10.96%)
B33: Kiln Solids Bed Transit Time | C33: =1.77*C28*SQRT(38)/(C29*C27*C30) | D33: minutes | E33: Residence time in kiln (approx. 26.8 min)

Sheet Master_Stream_Table
A1: MASTER PROCESS STREAM TABLE (280 TPH NOMINAL BASELINE)
A2: Complete 25-Stream Thermodynamic State Database across Pyroprocessing Units
A4: Stream # | B4: Stream Identification | C4: Phase | D4: Source Equipment | E4: Destination Equipment | F4: Mass Flow (t/h) | G4: Norm. Flow (Nm3/h) | H4: Temp (°C) | I4: Press (mbar) | J4: Enthalpy (GJ/h) | K4: Key Chemical Composition
A5: 1 | B5: Raw Meal Total Feed | C5: Solid | D5: Meal Silo Elevator | E5: Preheater Tower Top | F5: =Inputs_Setpoints!$C$6 | G5: - | H5: 60 | I5: 0 | J5: =F5*0.88*(H5+273.15)/1000 | K5: CaCO3: 76.85%, SiO2: 13.5%, 0.5% H2O
A6: 2 | B6: Raw Meal String N Feed | C6: Solid | D6: Meal Feed Splitter | E6: Gas Riser 1N-2N | F6: =F5*0.5 | G6: - | H6: 60 | I6: -39 | J6: =F6*0.88*(H6+273.15)/1000 | K6: 50% raw meal split
A7: 3 | B7: Raw Meal String P Feed | C7: Solid | D7: Meal Feed Splitter | E7: Gas Riser 1P-2P | F7: =F5*0.5 | G7: - | H7: 60 | I7: -31 | J7: =F7*0.88*(H7+273.15)/1000 | K7: 50% raw meal split
A8: 4 | B8: Cyclone 1N Meal Exit | C8: Solid | D8: Cyclone 1N | E8: Riser Duct to 2N | F8: =Preheater_Cyclones!$H$7 | G8: - | H8: =Preheater_Cyclones!$E$7 | I8: =Preheater_Cyclones!$F$7 | J8: =F8*0.92*(H8+273.15)/1000 | K8: Preheated raw meal
A9: 5 | B9: Cyclone 1P Meal Exit | C9: Solid | D9: Cyclone 1P | E9: Riser Duct to 2P | F9: =Preheater_Cyclones!$H$8 | G9: - | H9: =Preheater_Cyclones!$E$8 | I9: =Preheater_Cyclones!$F$8 | J9: =F9*0.92*(H9+273.15)/1000 | K9: Preheated raw meal
A10: 6 | B10: Cyclone 2N Meal Exit | C10: Solid | D10: Cyclone 2N | E10: Stage 3 Chamber | F10: =Preheater_Cyclones!$H$9 | G10: - | H10: =Preheater_Cyclones!$E$9 | I10: =Preheater_Cyclones!$F$9 | J10: =F10*0.95*(H10+273.15)/1000 | K10: Partially dehydroxylated clay
A11: 7 | B11: Cyclone 2P Meal Exit | C11: Solid | D11: Cyclone 2P | E11: Stage 3 Chamber | F11: =Preheater_Cyclones!$H$10 | G11: - | H11: =Preheater_Cyclones!$E$10 | I11: =Preheater_Cyclones!$F$10 | J11: =F11*0.95*(H11+273.15)/1000 | K11: Partially dehydroxylated clay
A12: 8 | B12: Stage 3 Meal Outflow | C12: Solid | D12: Stage 3 Cyclone | E12: Precalciner Chamber | F12: =Preheater_Cyclones!$H$11 | G12: - | H12: =Preheater_Cyclones!$E$11 | I12: =Preheater_Cyclones!$F$11 | J12: =F12*0.98*(H12+273.15)/1000 | K12: Meal ready for calcination
A13: 9 | B13: Precalciner CDR Fuel | C13: Solid | D13: Feeder Z3N218/213 | E13: Precalciner Burner | F13: =Fuels_Combustion!$F$13 | G13: - | H13: 25 | I13: 0 | J13: =Fuels_Combustion!$D$13 | K13: LHV = 18.0 MJ/kg, 11.3% Ash
A14: 10 | B14: Precalciner Petcoke Fuel | C14: Solid | D14: Feeder S3F04 | E14: Precalciner Burner | F14: =Fuels_Combustion!$F$14 | G14: - | H14: 65 | I14: 0 | J14: =Fuels_Combustion!$D$14 | K14: LHV = 31.4 MJ/kg, 5.5% S
A15: 11 | B15: Tertiary Air to PC | C15: Gas | D15: Cooler Tertiary Duct | E15: Precalciner Bottom | F15: =Clinker_Cooler_Balance!$E$10 | G15: =Clinker_Cooler_Balance!$D$10 | H15: =Inputs_Setpoints!$C$20 | I15: =Clinker_Cooler_Balance!$G$10 | J15: =Clinker_Cooler_Balance!$E$21 | K15: O2: 20.7%, N2: 78.4%
A16: 12 | B16: Kiln Flue Gas to PC Riser | C16: Gas | D16: Kiln Back-End Smoke Chamber | E16: Precalciner Riser | F16: =Rotary_Kiln_Balance!$G$8 | G16: 96220 | H16: =Inputs_Setpoints!$C$16 | I16: -1.3 | J16: =Rotary_Kiln_Balance!$G$17 | K16: CO2: 24.8%, O2: 2.32%, NOx: 857 ppm
A17: 13 | B17: PC Exit Gas + Meal Mix | C17: 2-Phase | D17: Precalciner Top | E17: Cyclones 4N & 4P | F17: =Precalciner_Balance!$G$12 | G17: 205300 | H17: =Inputs_Setpoints!$C$17 | I17: -17 | J17: =Precalciner_Balance!$G$17+Precalciner_Balance!$G$18 | K17: 92.5% decarbonated suspension
A18: 14 | B18: Cyclone 4N Meal Out | C18: Solid | D18: Cyclone 4N Downcomer | E18: Kiln Inlet Shelf | F18: =Preheater_Cyclones!$H$12 | G18: - | H18: =Preheater_Cyclones!$E$12 | I18: =Preheater_Cyclones!$F$12 | J18: =F18*1.06*(H18+273.15)/1000 | K18: Precalcined meal to kiln
A19: 15 | B19: Cyclone 4P Meal Out | C19: Solid | D19: Cyclone 4P Downcomer | E19: Kiln Inlet Shelf | F19: =Preheater_Cyclones!$H$13 | G19: - | H19: =Preheater_Cyclones!$E$13 | I19: =Preheater_Cyclones!$F$13 | J19: =F19*1.06*(H19+273.15)/1000 | K19: Precalcined meal to kiln
A20: 16 | B20: Kiln Main Petcoke Fuel | C20: Solid | D20: Feeder L3F200 | E20: Kiln Main Burner | F20: =Fuels_Combustion!$F$18 | G20: - | H20: 65 | I20: 0 | J20: =Fuels_Combustion!$D$18 | K20: LHV = 31.4 MJ/kg, 86.5% C
A21: 17 | B21: Kiln Main CDR Fuel | C21: Solid | D21: Feeder Z3N412 | E21: Kiln Main Burner | F21: =Fuels_Combustion!$F$16 | G21: - | H21: 25 | I21: 0 | J21: =Fuels_Combustion!$D$16 | K21: LHV = 18.0 MJ/kg
A22: 18 | B22: Kiln Heavy Fuel Oil Trim | C22: Liquid | D22: Meter L3F03 | E22: Kiln Main Burner | F22: =Fuels_Combustion!$F$17 | G22: - | H22: 85 | I22: 18000 | J22: =Fuels_Combustion!$D$17 | K22: LHV = 41.8 MJ/kg (605 l/h)
A23: 19 | B23: Secondary Air to Kiln | C23: Gas | D23: Cooler Clinker Bed | E23: Kiln Hood / Burner | F23: =Clinker_Cooler_Balance!$E$9 | G23: =Clinker_Cooler_Balance!$D$9 | H23: =Inputs_Setpoints!$C$19 | I23: =Clinker_Cooler_Balance!$G$9 | J23: =Clinker_Cooler_Balance!$E$20 | K23: O2: 20.6%, N2: 78.5%
A24: 20 | B24: Primary Air to Burner | C24: Gas | D24: Primary Burner Fan | E24: Kiln Main Burner Pipe | F24: =Rotary_Kiln_Balance!$D$8 | G24: 9300 | H24: 35 | I24: 120 | J24: 0.42 | K24: High-momentum flame air
A25: 21 | B25: Clinker Discharged from Kiln | C25: Solid | D25: Kiln Sintering Bed | E25: Clinker Grate Cooler | F25: =Inputs_Setpoints!$C$25 | G25: - | H25: =Inputs_Setpoints!$C$15 | I25: -0.3 | J25: =Clinker_Cooler_Balance!$E$16 | K25: C3S: 61.2%, C2S: 16.5%, Free CaO: 1.3%
A26: 22 | B26: Cooler Ambient Cooling Air | C26: Gas | D26: Cooling Aeration Fans | E26: Cooler Undergrate Compartments | F26: =Clinker_Cooler_Balance!$E$7 | G26: =Clinker_Cooler_Balance!$D$7 | H26: 25 | I26: 65 | J26: =Clinker_Cooler_Balance!$E$19 | K26: Fresh cooling ambient air
A27: 23 | B27: Clinker Product to Silo | C27: Solid | D27: Grate Cooler Discharge | E27: Transport Bucket Elevator | F27: =Inputs_Setpoints!$C$25 | G27: - | H27: =Inputs_Setpoints!$C$14 | I27: 0 | J27: =Clinker_Cooler_Balance!$E$17 | K27: Final product clinker @ 90 °C
A28: 24 | B28: Cooler Excess Vent Air | C28: Gas | D28: Cooler Exhaust Hood | E28: Dedusting Baghouse Filter | F28: =Clinker_Cooler_Balance!$E$11 | G28: =Clinker_Cooler_Balance!$D$11 | H28: =Inputs_Setpoints!$C$21 | I28: -4.6 | J28: =Clinker_Cooler_Balance!$E$22 | K28: Excess de-dusted cooler exhaust
A29: 25 | B29: Preheater Combined Top Gas | C29: Gas | D29: Preheater Cyclones 1N/1P | E29: Conditioning Tower & ID Fan | F29: =Preheater_Cyclones!$C$19 | G29: =Preheater_Cyclones!$C$18 | H29: =Inputs_Setpoints!$C$18 | I29: -56 | J29: 188.42 | K29: CO2: 29.8%, O2: 3.18%, H2O: 9.6%

Sheet Overall_Mass_Heat_Balance
A1: OVERALL PLANT MASS & THERMAL BALANCE AUDIT (BATTERY LIMITS)
A2: Complete Conservation Law Audit: Inflows vs Outflows & Dissipation across Kiln 3 Line
B4: 1. OVERALL PLANT MASS CONSERVATION AUDIT (t/h)
B5: Mass Inflow Stream | C5: Phase | D5: Mass Inflow (t/h) | E5: Mass Outflow Stream | F5: Phase | G5: Mass Outflow (t/h) | H5: Conservation Notes
B6: Raw Meal Feed Total (Dry Solids + Moisture) | C6: Solid | D6: =Inputs_Setpoints!$C$6*(1+Inputs_Setpoints!$C$7) | E6: Clinker Product Discharged | F6: Solid | G6: =Inputs_Setpoints!$C$25 | H6: Cooled clinker product
B7: Alternative Fuel (CDR / RDF) - PC & Kiln | C7: Solid | D7: =Fuels_Combustion!$C$29 | E7: Preheater Combined Top Flue Gas | F7: Gas | G7: =Preheater_Cyclones!$C$19 | H7: Top gas from cyclones 1N/1P
B8: Petroleum Coke (Petcoke) - PC & Kiln | C8: Solid | D8: =Fuels_Combustion!$C$30 | E8: Cooler Excess Vent Air to Baghouse | F8: Gas | G8: =Clinker_Cooler_Balance!$E$11 | H8: Exhaust air from cooler
B9: Heavy Fuel Oil Trim (Kiln Burner) | C9: Liquid | D9: =Fuels_Combustion!$C$31 | E9: Dedusting Filter Clinker Dust Return | F9: Solid | G9: 4.8 | H9: Recycled to clinker transport
B10: Cooler Ambient Aeration Air Fans | C10: Gas | D10: =Clinker_Cooler_Balance!$E$7 | H10: Quenching air fans
B11: Kiln Primary Air Fan | C11: Gas | D11: =Rotary_Kiln_Balance!$D$8 | H11: Main burner blower
B12: SNCR Ammonia Reagent Solution | C12: Liquid | D12: 0.11 | H12: Environmental NOx trim
B13: TOTAL MASS INFLOW | D13: =SUM(D6:D12) | E13: TOTAL MASS OUTFLOW | G13: =SUM(G6:G9) | H13: =IF(ABS(D13-G13)/D13<0.02,"MASS CONSERVED (<1.5%)","CHECK I/O")
B15: 2. OVERALL PLANT THERMAL ENERGY AUDIT (GJ/h & MW)
B16: Thermal Energy Inflow Stream | C16: Heat (GJ/h) | D16: Power (MW) | E16: Thermal Consumptions & Dissipation | F16: Heat (GJ/h) | G16: Power (MW) | H16: % Total Heat
B17: Total Fuel Energy Fired (LHV Basis) | C17: =Inputs_Setpoints!$C$28 | D17: =C17/3.6 | E17: Theoretical Calcination (CaCO3 & MgCO3) | F17: =RawMeal_Clinker!$C$21 | G17: =F17/3.6 | H17: =F17/$C$25
B18: Sensible Heat in Raw Meal Feed (@ 60 °C) | C18: =Master_Stream_Table!$J$5 | D18: =C18/3.6 | E18: Exothermic Clinker Formation (C3S/C2S Credit) | F18: -18.2 | G18: =F18/3.6 | H18: =F18/$C$25
B19: Cooling Ambient Air Enthalpy (@ 25 °C) | C19: =Clinker_Cooler_Balance!$E$19 | D19: =C19/3.6 | E19: Preheater Top Flue Gas Sensible Heat (@ 413 °C) | F19: 188.42 | G19: =F19/3.6 | H19: =F19/$C$25
B20: Kiln Primary Air Fan Enthalpy (@ 35 °C) | C20: 0.42 | D20: =C20/3.6 | E20: Cooler Vent Air Heat Loss (@ 258 °C) | F20: =Clinker_Cooler_Balance!$E$22 | G20: =F20/3.6 | H20: =F20/$C$25
B21: Fuel Sensible Enthalpies (Storage) | C21: 3.25 | D21: =C21/3.6 | E21: Sensible Heat in Clinker Product (@ 90 °C) | F21: =Clinker_Cooler_Balance!$E$17 | G21: =F21/3.6 | H21: =F21/$C$25
E22: Rotary Kiln Shell Convection & Radiation Loss | F22: =Rotary_Kiln_Balance!$G$20 | G22: =F22/3.6 | H22: =F22/$C$25
E23: Precalciner & Preheater Vessel Shell Losses | F23: 22.8 | G23: =F23/3.6 | H23: =F23/$C$25
E24: Clinker Cooler Structure Convection Loss | F24: =Clinker_Cooler_Balance!$E$23 | G24: =F24/3.6 | H24: =F24/$C$25
B25: TOTAL PLANT THERMAL INPUT | C25: =SUM(C17:C21) | D25: =C25/3.6 | E25: TOTAL HEAT CONSUMED & DISSIPATED | F25: =SUM(F17:F24) | G25: =F25/3.6 | H25: 100.00%
